"Model","Prompt"
"dall-e-2","A dramatic sunrise over a desert landscape."
"dall-e-2","An elephant next to a dead tree."
"dall-e-2","Depict a serene mountain landscape at sunrise, with mist rolling through the valleys and a lone eagle soaring above."
"dall-e-2","Draw a whimsical forest with talking animals gathered around a glowing pond under a starry night sky."
"dall-e-2","Generate an image of an astronaut repairing a satellite in space."
"dall-e-2","Illustrate a magical library where books float in the air, surrounded by ancient wooden shelves and a spiral staircase."
"dall-e-2","Imagine a futuristic spaceship landing on an alien planet."
"dall-e-2","Outline a minimalist portrait of a thoughtful woman, her features delicately traced in fine lines on a plain background."
"dall-e-2","Paint a scene of a cozy reading nook next to a large window."
"dall-e-2","Paint a vibrant underwater coral reef teeming with colorful fish, sea turtles, and intricate coral formations."
"dall-e-2","Picture a serene pond with lily pads and dragonflies."
"dall-e-2","Portray a historic medieval banquet hall, filled with knights and nobles feasting, with intricate tapestries on the walls."
"dall-e-2","Render a quiet mountain village at dusk."
"dall-e-2","Show me a majestic eagle soaring over a vast canyon."
"dall-e-2","Sketch a futuristic city skyline with flying cars and towering skyscrapers, illuminated by neon lights at dusk."
"dall-e-2","Think of a musician playing a grand piano on a grand stage."
"dall-e-2","Three exotic fruits at the center of a simple table."
"dall-e-2","Visualize a cozy cabin in the woods during a snowstorm."
"dall-e-3","A bustling city on a ringworld, with architecture that curves with the structure, diverse inhabitants, and a sky filled with distant stars and other ring segments."
"dall-e-3","Color a bustling Moroccan marketplace, rich with vivid textiles draping from stalls, aromatic spices piled high, and merchants in traditional attire engaging with lively crowds in the warm, sunlit square."
"dall-e-3","Create an abstract representation of human emotions, using bold and dynamic shapes to convey the intensity of joy, the depth of sadness, and the tumult of anger, with an explosion of contrasting colors and textures that evoke a visceral response."
"dall-e-3","Daub a rustic countryside cottage, nestled among wildflowers in full bloom, with a thatched roof and smoke curling lazily from the chimney, as the golden hour sunlight bathes the scene in a warm, inviting glow."
"dall-e-3","Depict a serene mountain landscape at sunrise, capturing the golden light filtering through misty valleys, while a majestic eagle soars high above, overlooking a tranquil river winding through the terrain."
"dall-e-3","Draw a whimsical forest scene where talking animals gather around a mystical, glowing pond, their reflections shimmering under a starry night sky, with fireflies dancing in the air."
"dall-e-3","Generate an image of a bustling cyberpunk nightclub with a futuristic DJ performing in a holographic booth, neon lights illuminating the dance floor, and patrons in high-tech attire enjoying the vibrant atmosphere."
"dall-e-3","Illustrate a magical library, where ancient books float gently in mid-air, surrounded by spiral staircases and enchanted lanterns casting a warm glow, with mystical symbols etched on the walls."
"dall-e-3","Outline a minimalist portrait of a contemplative woman, her delicate features traced in fine lines on a stark white background, with subtle hints of emotion conveyed through her expressive eyes."
"dall-e-3","Paint a vibrant underwater coral reef, alive with a multitude of colorful fish darting among intricate coral formations, while a gentle sea turtle glides gracefully through the clear blue waters."
"dall-e-3","Picture a bustling underwater city where humans and intelligent sea creatures coexist, with homes made of coral and kelp, and glowing jellyfish providing illumination."
"dall-e-3","Portray a grand medieval banquet hall, filled with knights and nobles feasting at a long table, intricate tapestries depicting historic battles lining the walls, and flickering candlelight casting shadows on the stone floors."
"dall-e-3","Render a detailed blueprint of a massive, interstellar spaceship, showing various decks, living quarters, engineering sections, and weapon systems, complete with annotations and technical details."
"dall-e-3","Render a surreal dreamscape, where floating islands are interconnected by cascading waterfalls, and fantastical creatures roam freely under a swirling galaxy sky filled with vibrant, otherworldly colors."
"dall-e-3","Sketch a futuristic city skyline at dusk, featuring sleek flying cars navigating between towering, illuminated skyscrapers adorned with vertical gardens and holographic billboards."
"dall-e-3","Tint a tranquil Japanese garden, where cherry blossom trees gently shed their pink petals over a stone lantern, and koi fish swim lazily in a clear pond, creating ripples that catch the afternoon light."
"gpt-3.5-turbo","Good afternoon"
"gpt-3.5-turbo","Good evening"
"gpt-3.5-turbo","Good morning"
"gpt-3.5-turbo","Greetings"
"gpt-3.5-turbo","Hello!"
"gpt-3.5-turbo","Hey there"
"gpt-3.5-turbo","Hey!"
"gpt-3.5-turbo","Hi!"
"gpt-3.5-turbo","Hiya"
"gpt-3.5-turbo","How are you?"
"gpt-3.5-turbo","How's it going?"
"gpt-3.5-turbo","Howdy"
"gpt-3.5-turbo","How’s everything?"
"gpt-3.5-turbo","How’s life?"
"gpt-3.5-turbo","Long time no see"
"gpt-3.5-turbo","Nice to see you"
"gpt-3.5-turbo","Sup"
"gpt-3.5-turbo","Tell me a joke."
"gpt-3.5-turbo","What's up?"
"gpt-3.5-turbo","What’s new?"
"gpt-3.5-turbo","Yo!"
"gpt-4o","Well done!"
"gpt-4o","Nice!"
"gpt-4o","Great work!"
"gpt-4o","Excellent!"
"gpt-4o","Fantastic effort!"
"gpt-4o","Nice going!"
"gpt-4o","You're amazing!"
"gpt-4o","Superb!"
"gpt-4o","Outstanding!"
"gpt-4o","Impressive!"
"gpt-4o","Brilliant!"
"gpt-4o","Way to go!"
"gpt-4o","You're on fire!"
"gpt-4o","Keep it up!"
"gpt-4o","You nailed it!"
"gpt-4o","Exceptional work!"
"gpt-4o","Marvelous!"
"gpt-4o","Kudos to you!"
"gpt-4o","That's the spirit!"
"gpt-4o","You're crushing it!"
"gpt-4o","Tremendous job!"
"gpt-4o","I like it!"
"gpt-4o","I love it!"
"gpt-4o","You're doing great!"
"gpt-4o","Spot on!"
"gpt-4o","You've outdone yourself!"
"gpt-4o","That's impressive!"
"gpt-4o","Hats off to you!"
"gpt-4o","You're killing it!"
"gpt-4o","Top-notch work!"
"gpt-4o","Keep shining!"
"gpt-4o","You're a star!"
"gpt-4o","You rock!"
"gpt-4o","You're remarkable!"
"gpt-4o","You're a natural!"
"gpt-4o","That's how it's done!"
"gpt-4o","Stellar performance!"
"gpt-4o","You're unstoppable!"
"gpt-4o","Fantastic job!"
"gpt-4o","You’re exceptional!"
"gpt-4o","That's the way to go!"
"gpt-4o","You're making waves!"
"gpt-4o","You're a pro!"
"gpt-4o","That's not quite accurate."
"gpt-4o","Your understanding seems a bit off."
"gpt-4o","There appears to be a mistake here."
"gpt-4o","You might want to reconsider that."
"gpt-4o","I'm afraid that's incorrect."
"gpt-4o","That's not how it actually works."
"gpt-4o","You've missed the mark on this one."
"gpt-4o","That's not the right interpretation."
"gpt-4o","It seems like there's a misunderstanding."
"gpt-4o","You might have overlooked something."
"gpt-4o","Let me clarify where the error is."
"gpt-4o","You're mistaken about this."
"gpt-4o","I think there's been a mix-up."
"gpt-4o","That's not quite how it's supposed to be."
"gpt-4o","It looks like there's a misconception here."
"gpt-4o","That's not entirely accurate."
"gpt-4o","I don't think that's correct."
"gpt-4o","You're not quite on the right track."
"gpt-4o","You've got it wrong, unfortunately."
"gpt-4o","Your assessment is not quite right."
"gpt-4o","Let's explore another perspective."
"gpt-4o","There's room for improvement here."
"gpt-4o","Have you considered approaching it this way?"
"gpt-4o","It could be beneficial to rethink this."
"gpt-4o","Here's an alternative viewpoint."
"gpt-4o","This might need a bit of adjustment."
"gpt-4o","Let's discuss how we can enhance this."
"gpt-4o","It's worth reconsidering the approach."
"gpt-4o","This could use some refinement."
"gpt-4o","Let's aim for a different outcome."
"gpt-4o","Have you thought about trying a different approach?"
"gpt-4o","It might be helpful to reassess this."
"gpt-4o","There's an opportunity to improve here."
"gpt-4o","Let's take another look at this."
"gpt-4o","It could be beneficial to revise this strategy."
"gpt-4o","This might require a different approach."
"gpt-4o","Let's work on refining this further."
"gpt-4o","It's worth exploring another solution."
"gpt-4o","Consider tweaking this aspect."
"gpt-4o","There's potential for growth in this area."